{"cameraMode":{"drawMode":0,"name":"Shaded","section":"Shading Mode"},"sceneLighting":false,"audioPlay":false,"sceneViewState":{"showFog":false,"showMaterialUpdate":false,"showSkybox":false,"showFlares":false,"showImageEffects":true,"showParticleSystems":true},"in2DMode":false,"pivot":{"x":0.0,"y":0.17499999701976777,"z":7.649494371264609e-9},"rotation":{"x":0.39576852321624758,"y":-0.0440545529127121,"z":0.01901317946612835,"w":0.9170995950698853},"size":8.873126983642579,"orthographic":false}