{"cameraMode":{"drawMode":0,"name":"Shaded","section":"Shading Mode"},"sceneLighting":false,"audioPlay":false,"sceneViewState":{"showFog":false,"showMaterialUpdate":false,"showSkybox":false,"showFlares":false,"showImageEffects":true,"showParticleSystems":true},"in2DMode":false,"pivot":{"x":-2.887033462524414,"y":-1.81640625,"z":1.5079070329666138},"rotation":{"x":0.2522074282169342,"y":-0.43772733211517336,"z":0.12938253581523896,"w":0.853256344795227},"size":34.32532501220703,"orthographic":false}